,spearman_home_goals,spearman_away_goals,spearman_total_goals,spearman_goal_diff,rf_home_goals,rf_away_goals,rf_total_goals,rf_goal_diff,abs_spearman_mean,rf_importance_mean,abs_spearman_mean_z,rf_importance_mean_z,combined_score
home_xpts_10,0.2264902400208624,-0.2324719024637693,0.0029595960380892627,0.3184843229180032,0.02559999286858759,0.08510081078752602,0.018845745874472374,0.0993000246167869,0.19510151536018105,0.057211643536843215,2.3246339982912834,5.784890874935902,8.109524873227185
home_deep_10,0.24772190892814416,-0.17253621852099232,0.06110034931675482,0.2983579474367903,0.054432919435061386,0.02098779062633336,0.02624751963663126,0.043094911048757054,0.1949291060506704,0.036190785186695766,2.3213660865518926,3.462322090159437,5.78368817671133
away_deep_10,-0.14312386443989675,0.18341946076205334,0.03396113249550583,-0.22077345458977654,0.015347724737494087,0.08051738936607025,0.017387059922427634,0.06419994446552517,0.14531947807180812,0.04436302962287929,1.3810462968660295,4.3652633265676,5.74630962343363
home_xg_conceded_10,-0.17937797981439493,0.21734831704312288,0.027990819442438197,-0.2734446565042481,0.021211771545117882,0.06312403605109138,0.02253215961174351,0.03189286350302973,0.17454044320105103,0.034690207677745624,1.934911602940388,3.2965251268113267,5.231436729751715
home_xg_scored_5,0.22334585118979877,-0.1666608663124829,0.059390829030433204,0.27460543532195025,0.04955042369329636,0.02153098367750108,0.016477735364361163,0.02817923220751578,0.1810007454636663,0.028934593735668594,2.0573626333629065,2.6605944213937454,4.717957054756652
home_xpts_5,0.22353403305573388,-0.19353529209926773,0.033173937439645244,0.2921819524706675,0.02278178350745073,0.024627936189370835,0.018809464718097538,0.027707595565505748,0.18560630376632858,0.02348169499510621,2.14465814012201,2.0581103462708925,4.202768486392903
away_xg_conceded_5,0.16457789552025182,-0.09062462682382517,0.06100185325634473,0.17428854350214773,0.050972577037685166,0.020293294278405018,0.03693761906799095,0.027846707543522746,0.12262322977564236,0.034012549481900974,0.9508529595242938,3.221651506229336,4.172504465753629
home_deep_5,0.2240101960544666,-0.16632233543783478,0.05045854332701105,0.27727399435877087,0.026575739205611036,0.019159492155580885,0.028650329096072864,0.016608971711991636,0.17951626729452083,0.022748633042314104,2.029225268567531,1.9771152327269073,4.006340501294439
home_goals_scored_ewma,0.21665743856204497,-0.1902213369449018,0.01950550231776027,0.2837279159939531,0.02899581929680108,0.01534716430621047,0.015974444824547997,0.02963846104183825,0.17752804845466502,0.02248897236734945,1.991539811177299,1.9484256441163326,3.9399654552936316
home_ppda_5,-0.17591405970710716,0.08359831551323997,-0.06471844805065469,-0.18506245724851464,0.01792462553026305,0.03771413334484937,0.03605896634327593,0.016353175660072643,0.12732332012987913,0.027012725219615247,1.039940262805092,2.4482495328321967,3.4881897956372887
home_xg_scored_ewma,0.23062964021386415,-0.18197238863811968,0.04368946640816279,0.290929674669297,0.021811210605038413,0.013167022321098643,0.012716685183996074,0.018162909055819285,0.18680529248236089,0.016464456791488103,2.1673842290532876,1.2827843279139892,3.450168556967277
away_xpts_10,-0.16705389078751043,0.1465660479328328,-0.024835227633824987,-0.21510061833147037,0.034025443690409725,0.01592880897643436,0.013859400504405673,0.03008733879505398,0.13838894617140965,0.023475247991575937,1.2496823547342606,2.0573980247802406,3.307080379514501
home_xg_scored_10,0.22141435271443385,-0.1881836833168492,0.036077454275723585,0.28595052574212587,0.01466429049472965,0.01650862769262079,0.013438409424949394,0.018180833663277895,0.18290650401228314,0.01569804031889443,2.093485106976113,1.1981039145010868,3.2915890214771997
home_goals_scored_10,0.19952275032377528,-0.21019373221912113,-0.004851056903359348,0.28421150159120057,0.010907578546985581,0.018820248101917705,0.009205922914649937,0.027929532205117926,0.1746947602593641,0.016715820442167788,1.9378365872575394,1.3105571885161347,3.248393775773674
away_xg_conceded_10,0.1630444734313767,-0.0937102451902801,0.06365796937855028,0.17917336026359387,0.0336926469897572,0.02196031452574606,0.021341418039230956,0.024027737862037307,0.12489651206595023,0.025255529354192882,0.9939416181618812,2.25409912290188,3.248040741063761
home_xg_conceded_5,-0.1652677880591101,0.14912697064187103,-0.01321709504151746,-0.22146420839763878,0.02774030816623827,0.021541408617048417,0.02131765352672354,0.019787434216429364,0.13726901553503434,0.0225967011316099,1.228454762765462,1.9603284627798774,3.1887832255453397
home_ppda_ewma,-0.17377539137961445,0.09699986601327419,-0.05355695474082605,-0.1927103852068679,0.014452732161317707,0.019631725851048023,0.03046371542647843,0.011278044086018362,0.12926064933514564,0.018956554381215632,1.0766611386726692,1.558133125479966,2.634794264152635
away_deep_5,-0.11523018273970971,0.16338998628423515,0.042389849428131766,-0.18735107487429986,0.015661793060007593,0.025688484442463792,0.010063275863168476,0.025332250292761045,0.12709027333159412,0.01918645091460023,1.0355230050009476,1.583534110695379,2.619057115696327
away_xpts_5,-0.16342155074296402,0.1195587714626086,-0.039983397564800516,-0.19204530644753148,0.022756568980431074,0.015546721246375041,0.013445572007510204,0.021225028355399717,0.12875225655447614,0.01824347264742901,1.0670248682132204,1.4793456017594862,2.5463704699727066
home_ppda_10,-0.16283673631221687,0.0962875374900687,-0.04290536083238818,-0.18471495749749772,0.014756657048717483,0.019204166207712953,0.02467258910765304,0.012038231175823913,0.12168614803304287,0.017667910884976847,0.933091155152468,1.4157524905308505,2.3488436456833184
away_xg_scored_10,-0.12346530220594666,0.16355277984870217,0.023219140425880885,-0.19211616439100435,0.013432569198868425,0.0191447949934922,0.014272502648722785,0.02096661229739481,0.12558834671788352,0.016954119784619553,1.0070549157395305,1.3368865897704534,2.343941505509984
away_ppda_5,0.03711982803459115,-0.14019798985466245,-0.07591760433196983,0.11145807717769322,0.01606829930168423,0.030227231653751786,0.03079367171956211,0.01270906874834974,0.09117337484972916,0.022449567855836967,0.35474042705003206,1.9440718881043848,2.298812315154417
home_goals_conceded_10,-0.14425815369812575,0.16824357290026165,0.014958961273281045,-0.21511342764411967,0.012385290787230878,0.013313748533892403,0.011372094557344833,0.017823250660586685,0.13564352887894704,0.013723596134763698,1.1976446693851923,0.9799500050384264,2.1775946744236188
away_xg_scored_ewma,-0.13056708784365972,0.13518046670973444,0.0013092860405289884,-0.18029962794212864,0.02347184107326838,0.01135600208289135,0.01222358991679636,0.023197380297823103,0.11183911713401296,0.0175622033426948,0.7464467798317895,1.4040729941977241,2.1505197740295134
home_ctx_stats_poss,0.2329315410529749,-0.054220304812805105,0.13169710088713812,0.2109438028583359,0.00853954667013259,0.001173527530084007,0.018407160100057336,0.002503044893763562,0.15744818740281352,0.0076558197985093735,1.6109384744923436,0.3095288606282725,1.920467335120616
away_xg_overperformance_10,0.08119253540912477,-0.040822983050126646,0.04028963499816199,0.0866911352567894,0.02998724583415634,0.01615472429461601,0.026856973774248217,0.021156031153258262,0.062249072178550705,0.023538743764069708,-0.1935018257675331,2.064413594587278,1.870911768819745
home_xg_overperformance_5,-0.02468751175992789,-0.03793225576214252,-0.06330835143961128,0.00283087813404112,0.024761903066777027,0.029956294732131652,0.03708154824016492,0.022020278524361527,0.0321897492739307,0.02845500614085878,-0.7632576845257374,2.6076053779057338,1.8443476933799965
away_goals_scored_ewma,-0.06945322230972387,0.11297300258339318,0.03696824635340281,-0.12252241853100417,0.02038402933294501,0.013005089631080349,0.021946981121610247,0.020047501196501685,0.08547922244438101,0.01884590032053432,0.24681129292071344,1.5459070944128106,1.792718387333524
away_xg_scored_5,-0.10904367133605,0.12530271385915656,0.0050428812564268025,-0.15925754294707742,0.01784089566924228,0.014997150625725852,0.01568115797986568,0.0157703966623082,0.0996617023496777,0.0160724002342855,0.5156314204865722,1.2394664811135372,1.7550979016001094
away_ppda_10,0.05677674629211756,-0.14820882375587352,-0.06798211974861927,0.1325755011334126,0.01078615348984877,0.021621799518878104,0.018585915952569372,0.010919268678208206,0.10138579773250574,0.015478284409876114,0.5483105812428268,1.173823354399575,1.722133935642402
home_goals_scored_5,0.18232968789397727,-0.16234976096869885,0.01714917748875029,0.23960833807474102,0.005347272626110099,0.006059186729969933,0.005764940153638602,0.005687405327436145,0.15035924110654186,0.005714701209288694,1.4765718855462473,0.09505705515884198,1.5716289407050892
home_xg_overperformance_10,-0.01276359586099064,-0.0714000759853756,-0.07477020924399023,0.036457791552922746,0.01736685341839971,0.02047472536594094,0.03828589128582633,0.015486003684466804,0.048847918160819806,0.022903368438658447,-0.44751240477993326,1.9942117563542054,1.5466993515742722
away_ppda_ewma,0.049383685991272255,-0.13542705880074818,-0.06846650497027576,0.1206858740088965,0.012991980038782385,0.015308565754988514,0.019141799055546766,0.011291871087283498,0.09349078094279817,0.014683553984150291,0.3986654250560614,1.0860145671294796,1.4846799921855411
home_ctx_playingtime_team_success,0.21154946487548185,-0.14586628447195857,0.06411472692789769,0.2567979944089621,0.0015999633639149434,0.00025038832142897696,0.0006716004809167874,0.001934185561828223,0.16958211767107506,0.0011140344320222325,1.8409296117525564,-0.4132649585310636,1.427664653221493
home_ctx_misc_performance_int,-0.16148745726928718,0.12453251966352143,-0.047920710939000064,-0.1976055586083415,0.009458738309516776,0.0050025633335519844,0.01013411428198783,0.0046454625527466336,0.13288656162003754,0.0073102196194508055,1.1453880615716208,0.27134392191053663,1.4167319834821575
home_ctx_playingtime_team_success_90,0.21154946487548185,-0.14586628447195857,0.06411472692789769,0.2567979944089621,0.0010555726239897837,0.000988696808590095,0.00047669859009268387,0.001351995559358387,0.16958211767107506,0.0009682408955077374,1.8409296117525564,-0.4293735070636861,1.4115561046888703
away_xg_overperformance_5,0.05642298658892819,-0.032721463855131964,0.033237066035794634,0.05980583241743672,0.022077757648969416,0.02227159711365875,0.02220069456517812,0.02000334052767918,0.04554683722432288,0.021638347463871367,-0.5100823505425861,1.854441144746076,1.3443587942034898
home_goals_conceded_5,-0.10941358341686834,0.1305403134265177,0.013768454783655697,-0.1690823550581219,0.008695540197420833,0.012682478556035638,0.010162728880181495,0.009349918828616102,0.1057011766712909,0.010222666615563515,0.630105917782384,0.5931366083847267,1.2232425261671107
home_ctx_misc_performance_tklw,-0.17308687985346533,0.08337597914735315,-0.07628952723680148,-0.2029154306743236,0.00568396953167291,0.004130078484508497,0.004378561890124491,0.005149787636949305,0.13391695422798588,0.0048355993858138005,1.1649185156361561,-0.0020738240770449418,1.162844691559111
away_goals_conceded_10,0.11449838183527304,-0.07928180109217044,0.034991879880599444,0.13398988795369146,0.016094678837299824,0.009497233554550321,0.013567011939811718,0.00927502317021638,0.09069048769043359,0.01210848687546956,0.3455875998555953,0.8014985694616442,1.1470861693172396
home_ctx_shooting_standard_sh,0.19197934025448957,-0.1282476286328983,0.055790101869000894,0.2295215334092706,0.0009613270745935425,0.0010801654812744028,0.0019075635075515255,0.0004993234501360883,0.15138465104141485,0.0011120948783888897,1.4960078961269434,-0.4134792574264829,1.0825286387004605
home_ctx_playingtime_team_success_ppm,0.17779028799569202,-0.15307153149231884,0.039579952522791076,0.23495998512351932,0.0009386126487224506,0.001251082116882628,0.0006647960561216473,0.0009614202489179111,0.1513504392835803,0.0009539777676611593,1.4953594334344702,-0.4309494225167059,1.0644100109177643
home_ctx_shooting_standard_sh_90,0.19197934025448957,-0.1282476286328983,0.055790101869000894,0.2295215334092706,0.0010676253608996906,0.0007154378164375672,0.0010471942635180123,0.0007474548822874345,0.15138465104141485,0.0008944280807856761,1.4960078961269434,-0.43752899417721525,1.0584789019497283
home_ctx_keepers_performance_l,-0.16174452286088375,0.17959959108921522,-0.009305022736099422,-0.2387505408845345,0.000820377149243919,0.0007766902457844766,0.0015168119131553437,0.0006499356717438949,0.14734991939268322,0.0009409537449819085,1.4195320552480166,-0.4323884307638091,0.9871436244842076
home_ctx_shooting_standard_sot,0.19215765922383019,-0.10679694832226667,0.07105976636554286,0.21879219687729812,0.0013284531375914828,0.0006108327456595986,0.0007603290609594389,0.000965607070513629,0.14720164269723446,0.0009163055036810374,1.4167215622699378,-0.4351117846293585,0.9816097776405793
home_ctx_shooting_standard_sot_90,0.19215765922383019,-0.10679694832226667,0.07105976636554286,0.21879219687729812,0.0008823425584405735,0.00039911267992085835,0.0006856184071893179,0.000646145374051277,0.14720164269723446,0.0006533047549005066,1.4167215622699378,-0.464170413887769,0.9525511483821689
home_ctx_playingtime_team_success_ong,0.19660135665532671,-0.08041428097152029,0.09833661024823176,0.21053867798758247,0.001045948465357796,0.000759942200184997,0.0006488875524163224,0.0003328024432507087,0.1464727314656653,0.0006968951653024561,1.402905501075913,-0.4593541630559159,0.9435513380199971
home_ctx_keepers_performance_w,0.1760672481895547,-0.12723702222380698,0.055324978407576844,0.21640668907070956,0.0013007066665146033,0.0007306258207891237,0.0010680777902572203,0.0013288996264219151,0.14375898447291202,0.0011070774759957156,1.351468106653732,-0.41403362404581584,0.9374344826079162
home_ctx_stats_performance_ast,0.18372539210231134,-0.11034074444586317,0.07200685259826083,0.21229893561909516,0.0005357362316115063,0.00042641030761697855,0.000663298101171013,0.0005978188049805542,0.1445929811913826,0.000555815861345013,1.3672759982034348,-0.47494184183151883,0.892334156371916
home_ctx_stats_per_90_minutes_ast,0.18372539210231134,-0.11034074444586317,0.07200685259826083,0.21229893561909516,0.0004703170655676845,0.0008635661228974901,0.0005353220491460236,0.00031005841811612597,0.1445929811913826,0.0005448159139318311,1.3672759982034348,-0.4761572124919591,0.8911187857114757
home_ctx_stats_performance_gls,0.1916725464931521,-0.08021925164168091,0.09557772822016349,0.2066639258621619,0.0005935168415703455,0.00010284815309687612,0.000497268068264359,0.0002978338201066823,0.1435333630542896,0.00037286672075956576,1.347191592324738,-0.49515566735888883,0.8520359249658491
home_ctx_shooting_standard_gls,0.1916725464931521,-0.08021925164168091,0.09557772822016349,0.2066639258621619,0.00018555459703535864,0.00013726358587512033,0.0008484551324258814,0.0001708464716903655,0.1435333630542896,0.00033552994675668145,1.347191592324738,-0.499280961596588,0.8479106307281499
home_ctx_stats_per_90_minutes_gls,0.1916725464931521,-0.08021925164168091,0.09557772822016349,0.2066639258621619,0.00036634646867944506,0.0004593651212982927,0.00032494711396984237,0.0001367267909871846,0.1435333630542896,0.00032184637373369117,1.347191592324738,-0.5007928427499655,0.8463987495747725
home_ctx_stats_performance_g_a,0.18593194948077885,-0.09258311723145302,0.08461789858493667,0.20678750692479123,0.0005230811085205616,0.00035785210527340087,0.00017839580357081208,0.0005090821582311293,0.14248011805548993,0.00039210279389897593,1.3272279853373812,-0.4930302972968734,0.8341976880405078
home_ctx_stats_per_90_minutes_g_a,0.18593194948077885,-0.09258311723145302,0.08461789858493667,0.20678750692479123,0.0004759074580358698,9.516830975684213e-05,0.00027586952768753216,0.00016483863039267892,0.14248011805548993,0.0002529459814682307,1.3272279853373812,-0.508405562348235,0.8188224229891462
home_ctx_stats_per_90_minutes_g_a_pk,0.18344605341820414,-0.09144146081252796,0.08488642745693031,0.20176914634882984,0.0007644909981303086,0.00018528479339790258,0.0007906916096332683,0.0006323336554225951,0.14038577200912306,0.0005932002641460186,1.287530952441101,-0.4708112851464957,0.8167196672946053
home_ctx_stats_performance_g_pk,0.1835449328145747,-0.07232239208156735,0.09815830808729088,0.1934037375924541,0.0007052675984602456,0.000593762063157749,0.000588569982363466,0.0003776636240729321,0.13685734264397176,0.0005663158170135981,1.2206517579433278,-0.4737817146439808,0.746870043299347
away_goals_scored_10,-0.04706615009772913,0.11631822973843634,0.05179594215402914,-0.10752326188981105,0.011067019003187463,0.010144606551528556,0.009723109805272695,0.009789918291139284,0.08067589597000141,0.010181163412782,0.1557672128863776,0.5885509705557216,0.7443181834420992
home_ctx_stats_per_90_minutes_g_pk,0.1835449328145747,-0.07232239208156735,0.09815830808729088,0.1934037375924541,0.00037693952106002273,0.0002365869291251794,0.0005259345549031272,0.0005204359402117937,0.13685734264397176,0.00041497423632503075,1.2206517579433278,-0.4905032597536518,0.730148498189676
home_ctx_keepers_performance_sota,-0.12695045878560338,0.15767899057259424,0.013066332278168278,-0.19593233691059872,0.0017741186872818992,0.0017735081795174994,0.0014206212480212174,0.002420697905543777,0.12340702963674116,0.0018472365050910982,0.9657094007146666,-0.33225436327003827,0.6334550374446284
home_ctx_keepers_performance_ga90,-0.1373063928749805,0.1547394674317131,-0.0021685969107234906,-0.2049550120750849,0.0008661323138333102,0.000518674142389759,0.0003230173318962249,0.0005608458697182226,0.12479236732312549,0.0005671674144593792,0.9919676190278506,-0.47368762268960757,0.518279996338243
home_ctx_keepers_performance_ga,-0.1373063928749805,0.1547394674317131,-0.0021685969107234906,-0.2049550120750849,0.0001338718342383616,0.0005895510552753612,0.00089380314858779,0.0005072458898187831,0.12479236732312549,0.000531117981980074,0.9919676190278506,-0.47767068014571545,0.5142969388821351
home_ctx_playingtime_team_success_onga,-0.1373063928749805,0.1547394674317131,-0.0021685969107234906,-0.2049550120750849,0.0003975196567341467,0.0004725356345226161,0.0005440486562665274,0.0006927969935710374,0.12479236732312549,0.0005267252352735819,0.9919676190278506,-0.478156029326514,0.5138115897013366
away_goals_conceded_5,0.09018379056854761,-0.04940541307073921,0.033188799260878775,0.09605487241390935,0.0140514944852277,0.006184826789949032,0.010102845968937306,0.0077478007554897714,0.06720821882851874,0.009521741999900952,-0.09950427075852986,0.515692309693285,0.4161880389347551
home_ctx_keepers_performance_saves,-0.1126410996156083,0.13490408754990527,0.007270894097815674,-0.17107321823417274,0.0030482700364634426,0.0013091376448382385,0.0024762236935431084,0.0016504586265441003,0.1064723248743755,0.002121022500347222,0.6447225546265486,-0.3020040853937131,0.3427184692328355
home_ctx_misc_performance_fls,-0.12751112272236634,-0.004700253025721406,-0.10270768103760022,-0.11222125897692395,0.006158901677236674,0.0030736899847030926,0.010427905531856607,0.001956308529218002,0.08678507894065299,0.005404201430753594,0.2715629944746452,0.060750316523663014,0.33231331099830824
away_ctx_shooting_standard_sh,-0.05697681853697143,0.15414395900246344,0.07888227098653829,-0.13385578347290975,0.0009353599822505833,0.0013658972893534967,0.0021124206691313127,0.0009720520926963219,0.10596470799972071,0.0013464325083579287,0.6351009909853184,-0.3875875809117239,0.24751341007359445
away_ctx_shooting_standard_sh_90,-0.05697681853697143,0.15414395900246344,0.07888227098653829,-0.13385578347290975,0.0007311354666946322,0.0008640745682576532,0.0023971750716400807,0.001048769546626711,0.10596470799972071,0.0012602886633047692,0.6351009909853184,-0.39710550840014563,0.23799548258517272
home_ctx_misc_performance_pkwon,0.1267583173298196,-0.09754848496174677,0.023695951657803794,0.175487221935195,0.0007253439106970856,0.0004766853624185113,0.0015228303203579467,0.0007619479597484232,0.10587249397114129,0.0008717018883054917,0.6333531311546251,-0.44003998323256593,0.19331314792205917
away_ctx_shooting_standard_sot,-0.0453347381611762,0.1502770546477216,0.08152876797392608,-0.12152022386415082,0.001533598950001098,0.0014500086961896546,0.0014745190423904996,0.0014925396053248978,0.09966519616174369,0.0014876665734765376,0.5156976435315926,-0.3719828027657703,0.14371484076582236
away_ctx_shooting_standard_sot_90,-0.0453347381611762,0.1502770546477216,0.08152876797392608,-0.12152022386415082,0.0010606339141963333,0.0009187701099261691,0.0004918990828480266,0.002366047327807067,0.09966519616174369,0.0012093376086943991,0.5156976435315926,-0.4027350277574585,0.11296261577413413
away_goals_scored_5,-0.04481500027369886,0.0888708081659761,0.03732750186794045,-0.09110369610316629,0.005887653643599314,0.006410647569247592,0.006902773398859095,0.007411599302769539,0.06552925160269543,0.006653168478618885,-0.13132805523335622,0.19874714949152272,0.0674190942581665
home_ctx_shooting_standard_pkatt,0.12373172219462496,-0.08272327835204606,0.03008324875629946,0.16389070707393083,0.00010189730350914867,0.00038110995999746463,0.0006220704262599055,0.0005727563544575614,0.10010723909422532,0.00041945851105602003,0.5240762936895894,-0.49000779775400016,0.03406849593558925
away_ctx_playingtime_starts_mn_start,-0.10227554468161147,-0.10649431109962079,-0.14865330146787253,-0.012621552655888043,0.0012114819284630358,0.0010633069114717023,0.003801467037008434,0.0003644191556145811,0.09251117747624821,0.0016101687581394383,0.3800976477279532,-0.3584476870523351,0.021649960675618085
home_ctx_stats_performance_pkatt,0.12373172219462496,-0.08272327835204606,0.03008324875629946,0.16389070707393083,0.00019369499806546917,0.00043224563821152794,0.00021867497980597315,0.0002149060917982162,0.10010723909422532,0.0002648804269702966,0.5240762936895894,-0.5070869401433277,0.016989353546261743
away_ctx_keepers_performance_cs_2,-0.1318889314966783,0.008078567845322132,-0.0954099592736181,-0.10979637675755197,0.004347334617623846,0.0010365402277689477,0.003835819351954785,0.001037554975837326,0.08629345884329262,0.002564312293296226,0.26224463984493074,-0.253025541389293,0.009219098455637731
home_ctx_keepers_performance_cs_2,0.08813157854807739,-0.12706385452956778,-0.01007691994618733,0.15360012772194126,0.0007540878667084281,0.0009602831093471906,0.001806411033856006,0.0007483922310445571,0.09471812018644343,0.0010672935602390455,0.4219288806890981,-0.41842929996606054,0.0034995807230375764
away_ctx_stats_poss,-0.025266166256734928,0.12103413488095222,0.07774716988359855,-0.08920946654788817,0.003409931127322435,0.0033664704746801844,0.004097849253761435,0.0037265314317541176,0.07831423439229346,0.003650195571879543,0.11100337956342406,-0.13304763350663762,-0.022044253943213563
away_ctx_keepers_performance_cs,-0.1318889314966783,0.008078567845322132,-0.0954099592736181,-0.10979637675755197,0.003244582096122384,0.0015427629334232925,0.0021575987020603592,0.001560923355736393,0.08629345884329262,0.002126466771835607,0.26224463984493074,-0.3014025545330723,-0.03915791468814156
home_ctx_keepers_performance_cs,0.08813157854807739,-0.12706385452956778,-0.01007691994618733,0.15360012772194126,0.0006141327200363389,0.0004494468221472151,0.0009010303387005469,0.000386431581924962,0.09471812018644343,0.0005877603657022657,0.4219288806890981,-0.4714123328348136,-0.04948345214571548
away_ctx_keepers_performance_sota,0.10510606359438703,-0.07549275014853528,0.027671203135561973,0.13197984093288817,0.0022933410416635736,0.0018396932392757987,0.0014955385902906844,0.0031823973313304934,0.08506246445284311,0.0022027425506401374,0.2389119031667771,-0.29297493754736187,-0.05406303438058477
home_ctx_stats_performance_pk,0.12792650212242265,-0.04979550250044408,0.04884955265069203,0.14999474518218897,0.00043601553452037966,0.0004690463169114229,0.00023059668701345888,0.00043931133925638406,0.09414157561393693,0.0003937424694254114,0.41100083520174174,-0.49284913156465515,-0.08184829636291341
home_ctx_shooting_standard_pk,0.12792650212242265,-0.04979550250044408,0.04884955265069203,0.14999474518218897,0.0005040799840099446,0.0004373814293710487,0.00024346914323871457,0.00035970008005915724,0.09414157561393693,0.00038615765916971624,0.41100083520174174,-0.49368716792096823,-0.08268633271922649
away_ctx_misc_performance_crdr,0.033854559722601624,0.12916454565992713,0.09936415627547147,-0.05987162770927836,0.0008360506243373063,0.0007698052566999955,0.007080171251787692,0.0007025867996145686,0.08056372234181965,0.0023471534831098905,0.15364103120033235,-0.277019151235127,-0.12337812003479465
away_ctx_stats_performance_crdr,0.033854559722601624,0.12916454565992713,0.09936415627547147,-0.05987162770927836,0.0013973771826736147,0.00034682104366709737,0.006369088536464872,0.000559679492935391,0.08056372234181965,0.0021682415639352436,0.15364103120033235,-0.2967869091343457,-0.14314587793401334
away_ctx_playingtime_subs_mn_sub,0.07662214658999997,0.10032598653006602,0.13202107289540826,-0.004800609314405813,0.0015585311365932941,0.0018006263862714294,0.004086120038808799,0.0012266141447341075,0.07844245383247002,0.002167972926601908,0.11343369968337808,-0.296816590542899,-0.18338289085952092
home_ctx_misc_performance_crs,0.10302946015472449,-0.02002499768763862,0.05485699564563335,0.0837205712660108,0.006462941919928492,0.002010292100836849,0.004269393351412576,0.003067051573428421,0.06540800618850182,0.003952419736401584,-0.1336261870077669,-0.09965525728527769,-0.2332814442930446
home_ctx_misc_performance_og,-0.04668271544639044,0.11540475633125619,0.045335651575937275,-0.11325351027456107,0.0009604884958974779,0.001308709758901341,0.001132398424293059,0.0015064290301005988,0.08016915840703624,0.0012270064272981193,0.14616231605392488,-0.4007828217214671,-0.25462050566754224
home_ctx_stats_performance_crdy,-0.0850159238382556,0.09232346460840501,-0.014956272891552908,-0.12650515725322492,0.0016040289860305612,0.0005308973999348672,0.0021817750656970454,0.0008389337805215988,0.07970020464785961,0.0012889088080460182,0.13727358783388555,-0.39394330380865983,-0.2566697159747743
away_ctx_playingtime_age,-0.00528776339083508,-0.11427085644172631,-0.0957587115388212,0.07830728987806879,0.0014638008445586068,0.002347159667124412,0.00338266282629655,0.0012788118646326753,0.07340615531236284,0.002118108800653061,0.017973778733351896,-0.3023260164892539,-0.284352237755902
home_ctx_misc_performance_crdy,-0.0850159238382556,0.09232346460840501,-0.014956272891552908,-0.12650515725322492,0.0007333528383687888,0.0005652373046713736,0.0016036970964322225,0.00036733368074158074,0.07970020464785961,0.0008174052300534914,0.13727358783388555,-0.44603915422136087,-0.3087655663874753
away_ctx_stats_age,-0.00528776339083508,-0.11427085644172631,-0.0957587115388212,0.07830728987806879,0.0007725798039958159,0.002141473809994808,0.0023765611814627963,0.002131458935448715,0.07340615531236284,0.0018555184327255338,0.017973778733351896,-0.33133930327195865,-0.3133655245386068
home_ctx_keepers_penalty_kicks_pkatt,-0.09426488659610467,0.06428968856574721,-0.01888681422151656,-0.13498112126184336,0.0006461465767340904,0.001002418697992547,0.0015777304661112198,0.0004782345466121843,0.07810562766130295,0.0009261325718625103,0.10704936810630075,-0.4340260039526623,-0.3269766358463615
home_ctx_keepers_penalty_kicks_pka,-0.08925680037246603,0.07863871168807697,-0.004729781070307098,-0.13797269157896971,0.00047956314673062696,0.0007920416147614306,0.0014461855803311928,0.0007124679128756443,0.07764949617745495,0.0008575645636747238,0.09840367817805126,-0.4416019988430009,-0.3431983206649496
home_ctx_misc_performance_pkcon,-0.09426488659610467,0.06428968856574721,-0.01888681422151656,-0.13498112126184336,0.0008275668252620749,0.0005665491797051344,0.0012028568386017037,0.00047003978457742067,0.07810562766130295,0.0007667531570365834,0.10704936810630075,-0.4516356394701405,-0.3445862713638398
away_ctx_misc_performance_fls,0.08979988835054574,0.015200425124865719,0.06883211922456384,0.050486847627058136,0.004428894547027647,0.002099324480485578,0.008877926691221064,0.0025112195078077796,0.05607982008175835,0.004479341306635518,-0.3104361804586543,-0.041436341070462464,-0.35187252152911674
away_ctx_keepers_performance_ga,0.10160280671713356,-0.04637886534350966,0.04863171767649979,0.1109609543920596,0.0006041511533693565,0.0006114186987539761,0.0009627575827402319,0.0008814899586001007,0.07689358603230065,0.0007649543483659163,0.08407586928950725,-0.4518343876277413,-0.36775851833823403
away_ctx_keepers_performance_ga90,0.10160280671713356,-0.04637886534350966,0.04863171767649979,0.1109609543920596,0.0005538014148613672,0.00096655236420589,0.0008686740253196311,0.0005803904225831694,0.07689358603230065,0.0007423545567425145,0.08407586928950725,-0.45433141080789113,-0.3702555415183839
away_ctx_keepers_performance_saves,0.08852209730321374,-0.056263784990932625,0.02601246622159721,0.10666024768595915,0.0021935368381868904,0.0014237787574049824,0.002506908614750949,0.001736560572255399,0.06936464905042568,0.0019651961956495554,-0.05863047074536004,-0.3192211421432215,-0.37785161288858155
away_ctx_playingtime_team_success_onga,0.10160280671713356,-0.04637886534350966,0.04863171767649979,0.1109609543920596,0.0006468065660378519,0.00040715807884487504,0.00076193026518721,0.0004775527385716282,0.07689358603230065,0.0005733619121603914,0.08407586928950725,-0.4730032002574647,-0.3889273309679574
away_ctx_playingtime_subs_unsub,-0.10044690074311367,-0.022300286636525307,-0.08724853414807733,-0.06555809454218445,0.002364883063180853,0.0009200469255520362,0.0015243190664854373,0.0011069751497885915,0.06888845401747519,0.0014790560512517295,-0.06765645282739147,-0.3729341687759895,-0.44059062160338097
away_ctx_keepers_performance_l,0.08737550985029874,-0.06411527667906099,0.019909117155530055,0.10935252949326309,0.001818838426774966,0.0006682813460875425,0.0011095217625600913,0.0013262743817915386,0.07018810829453821,0.0012307289793035345,-0.043022310499354996,-0.4003715215288932,-0.4433938320282482
away_ctx_playingtime_starts_compl,-0.09529306976163338,-0.0334330846967129,-0.08932181239602478,-0.05516364608637317,0.0027690542412830647,0.0009045090236019703,0.0010521049047988473,0.0010868798401195315,0.06830290323518606,0.0014531370024508535,-0.07875520544628041,-0.3757979325992013,-0.4545531380454817
away_ctx_misc_performance_crdy,0.09577331017743616,-0.011752491500057582,0.07564653768499989,0.08410885742241116,0.0018849174871849162,0.0019952309905247865,0.0014636224189826731,0.0014409817227137352,0.0668202991962262,0.0016961881548515278,-0.10685704726408554,-0.34894350970805454,-0.45580055697214006
away_ctx_stats_performance_crdy,0.09577331017743616,-0.011752491500057582,0.07564653768499989,0.08410885742241116,0.0021315165572045117,0.0015614822225532437,0.0018435470842386216,0.0008085271213677944,0.0668202991962262,0.0015862682463410427,-0.10685704726408554,-0.3610884252048162,-0.4679454724689017
away_ctx_playingtime_team_success_90,-0.09115173158642963,0.07222125810431157,-0.0077517238881688105,-0.11435237080329488,0.0010959371298954897,0.0010047618973731897,0.0005447294825171678,0.00041407973072372136,0.07136927109555122,0.0007648770601273922,-0.02063410075292131,-0.4518429271101561,-0.47247702786307744
home_ctx_keepers_performance_d,-0.030003703250337223,-0.09583410857417624,-0.08893150911386882,0.037525281738377554,0.0011350698808365615,0.001998249211671058,0.002110024174823591,0.0029718793811510805,0.06307365066918996,0.0020538056621205725,-0.17787245089643425,-0.30943079117689964,-0.48730324207333386
away_ctx_playingtime_subs_subs,0.09737250347563735,0.023591813510385057,0.08594550217168866,0.06290587802696901,0.001964094305761196,0.0008478551024555009,0.0016143680928618375,0.0007071642339093288,0.06745392429617002,0.001283370433746966,-0.09484707571233925,-0.39455523197311065,-0.4894023076854499
away_ctx_playingtime_team_success,-0.09115173158642963,0.07222125810431157,-0.0077517238881688105,-0.11435237080329488,0.0007568460929179492,0.0005400364703785128,0.00033986903962255976,0.0007175512621132611,0.07136927109555122,0.0005885757162580707,-0.02063410075292131,-0.4713222457547325,-0.49195634650765385
away_ctx_misc_performance_pkwon,-0.013378201778342017,0.10328079166193353,0.06891627867918314,-0.07721957823746949,0.0016506044772440461,0.001355213371853021,0.0021283180588989124,0.00047758180688744513,0.06569871258923204,0.0014029294287208562,-0.12811602713090883,-0.3813453056684764,-0.5094613327993852
away_ctx_misc_performance_tklw,0.05000531386911323,-0.06470353355463289,-0.023041204214963553,0.08744984947393536,0.0030966608133487093,0.002284893155390048,0.0026928329308586172,0.0032933618605460145,0.05629997527816126,0.0028419371900358474,-0.3062632749882074,-0.22235110800966312,-0.5286143829978704
away_ctx_misc_performance_crs,-0.03069729275020342,0.07199651099228838,0.027668194525937224,-0.06086111031505244,0.004668231938564065,0.00364027576166895,0.006582310754101683,0.0021883718367123016,0.047805777145870365,0.00426979757276175,-0.46726554262684084,-0.06458857050058493,-0.5318541131274258
home_ctx_misc_performance_fld,0.027074825608026137,0.06472924197352621,0.06768662464488992,-0.030407300996770942,0.00235493186900157,0.0031881566710937094,0.006480849446823928,0.0024256001071341028,0.0474744983058033,0.003612384523513328,-0.4735447279767484,-0.13722532973541357,-0.610770057712162
away_ctx_keepers_pl,0.0721368581044585,0.07033869352149333,0.10640441344253421,0.0013105041615037753,0.0009998178181798356,0.0009290052873996474,0.001707819152558165,0.0002876069297874872,0.06254761730749746,0.000981062296981284,-0.18784308764955,-0.42795688618439,-0.6157999738339399
home_ctx_stats_age,-0.019688796365359394,0.08713446362564604,0.05434975933018212,-0.0664006209545296,0.0013714716624629209,0.0018014708860014453,0.003598706269759561,0.0008918806074035761,0.056893410068929284,0.001915882356406876,-0.29501508586884884,-0.32466976758822996,-0.6196848534570788
home_ctx_shooting_standard_g_sot,0.07161995475131015,-0.02699978127032668,0.047350279808173065,0.07756623336341043,0.0021698032926527567,0.001012276574817222,0.002807543752609146,0.001694180390612362,0.05588406229830508,0.0019209510026728716,-0.314146648068784,-0.32410973909641566,-0.6382563871651996
home_ctx_playingtime_age,-0.019688796365359394,0.08713446362564604,0.05434975933018212,-0.0664006209545296,0.001733444505333269,0.0009958882373609101,0.002993509863437427,0.0006953061176398347,0.056893410068929284,0.0016045371809428602,-0.29501508586884884,-0.3590699130902999,-0.6540849989591487
away_ctx_playingtime_team_success_ppm,-0.0809812864694241,0.05147006378667364,-0.01810239462382696,-0.09378269842180062,0.0010515791634520938,0.0010583797047852667,0.00032692664570085857,0.0007804848966252843,0.061084110825431324,0.000804342602640876,-0.2155829470979353,-0.447482427857972,-0.6630653749559072
away_ctx_stats_performance_ast,-0.05412901041836704,0.07787118545101684,0.024123335233561676,-0.09296295639842427,0.0003053696176481658,0.00018526634785348716,0.0010986571796246522,0.0005941537693207801,0.06227162187534245,0.0005458617286117713,-0.1930744102232414,-0.4760416617142586,-0.6691160719375
away_ctx_playingtime_team_success_ong,-0.06464709551168737,0.0761377528010135,0.01574028904707612,-0.09160854669473184,0.0006359352296924231,0.0005350207767585949,0.0005596372193162702,0.00048289704486755323,0.06203342101362721,0.0005533725676587104,-0.19758936010930994,-0.47521179834582106,-0.672801158455131
home_ctx_shooting_standard_sot_2,0.03660502601082899,0.05436203933133639,0.07349005672102371,-0.0045082716951088415,0.003025486548337677,0.003523833151185064,0.005088229862272933,0.003921462717747735,0.04224134843957448,0.0038897530698858524,-0.5727358443403615,-0.10657922019254946,-0.679315064532911
away_ctx_stats_per_90_minutes_ast,-0.05412901041836704,0.07787118545101684,0.024123335233561676,-0.09296295639842427,0.0001504005484524601,0.0005662559939405712,0.0008275370631296857,0.0001789333314263697,0.06227162187534245,0.00043078173423727166,-0.1930744102232414,-0.48875670875155475,-0.6818311189747961
home_ctx_misc_performance_off,-0.05986549592848308,0.01620863052861198,-0.027681970331296202,-0.057907418528700884,0.0038330831726633343,0.0019045088868803136,0.007792057144216204,0.0021883214102145906,0.040415878829273034,0.0039294926534936105,-0.6073364908271276,-0.10218844247691228,-0.7095249333040399
away_ctx_shooting_standard_gls,-0.06538569375606047,0.06279782112234933,0.004714427710421859,-0.0845562093255152,0.0006547903756659545,0.00018263643274523262,0.00046950908434412284,0.00034587312303216173,0.054363537978586715,0.000413202253946868,-0.3429672453354882,-0.49069904390718827,-0.8336662892426765
away_ctx_stats_per_90_minutes_g_a_pk,-0.05948000015429996,0.06277386181154956,0.007880311226199619,-0.08372163357643585,0.0006226582450709718,0.0006688868141214731,0.0005190974737070357,0.00044997850591561156,0.053463951692121245,0.000565155259703773,-0.3600183465462032,-0.47390994319373103,-0.8339282897399343
away_ctx_playingtime_pl,0.06670315150144779,0.03499324197191193,0.07795023727993025,0.01900455476364496,0.0009801484497992073,0.0005012301040282436,0.002863063921071318,0.0004222247082132926,0.04966279637923373,0.0011916667957780154,-0.4320668925643396,-0.4046874541426032,-0.8367543467069428
away_ctx_shooting_pl,0.06670315150144779,0.03499324197191193,0.07795023727993025,0.01900455476364496,0.0006532027103220186,0.0011537095008079354,0.0021949622627608274,0.00040275796890845586,0.04966279637923373,0.0011011581106998094,-0.4320668925643396,-0.41468764743691416,-0.8467545400012537
away_ctx_stats_performance_g_a,-0.05897906666144367,0.06240669609837184,0.007486463177864631,-0.08267701351561717,0.0006489339241387643,0.00016309352841994848,0.0008064022414794987,0.0003572543633947641,0.05288730986332432,0.0004939210143582439,-0.37094823546634237,-0.4817805273483249,-0.8527287628146673
away_ctx_stats_per_90_minutes_gls,-0.06538569375606047,0.06279782112234933,0.004714427710421859,-0.0845562093255152,0.00016110920422737326,0.00014810228882950073,0.00029354186015082586,0.0003374741586438776,0.054363537978586715,0.00023505687796289434,-0.3429672453354882,-0.5103821073920694,-0.8533493527275575
away_ctx_misc_pl,0.06670315150144779,0.03499324197191193,0.07795023727993025,0.01900455476364496,0.0005096036948409839,0.0004715894780140895,0.00277336054869712,0.00039340935760613107,0.04966279637923373,0.0010369907697895813,-0.4320668925643396,-0.4217774180122989,-0.8538443105766385
away_ctx_stats_performance_gls,-0.06538569375606047,0.06279782112234933,0.004714427710421859,-0.0845562093255152,0.00019473363385285838,0.00011582780851114755,0.0003183360671408355,9.85324280333693e-05,0.054363537978586715,0.00018185748438455268,-0.3429672453354882,-0.5162600429566381,-0.8592272882921264
away_ctx_stats_per_90_minutes_g_a,-0.05897906666144367,0.06240669609837184,0.007486463177864631,-0.08267701351561717,0.00029581981943548226,4.2085991837057744e-05,0.00041705857978978616,0.00042615477000999304,0.05288730986332432,0.0002952797902680798,-0.37094823546634237,-0.5037281518818572,-0.8746763873481995
home_ctx_misc_performance_2crdy,-0.08068057815087434,0.0036590185815963882,-0.031473035616231194,-0.07705765461597713,0.000784660419387077,0.0009282041797900087,0.0010287442674818258,0.001463699719560014,0.048217571741169765,0.0010513271465547314,-0.4594602309762335,-0.4201934093763576,-0.8796536403525911
away_ctx_stats_performance_g_pk,-0.06799514908692952,0.05148154201723774,-0.006485300423048873,-0.08038805289199931,0.00019516857402133227,0.0003802191240247583,0.0007335970643077943,0.0005281945023078753,0.05158751110480386,0.00045929481616544004,-0.39558511635096966,-0.4856063333986057,-0.8811914497495754
away_ctx_misc_performance_og,0.03310496232446078,-0.05905529798908271,-0.02825376716178634,0.06484205359016298,0.001435355851992986,0.0008067588182719862,0.0024128373098446427,0.0007696559049442287,0.046314020266373206,0.001356151971263461,-0.49554087087136794,-0.3865136894096186,-0.8820545602809866
away_ctx_stats_per_90_minutes_g_pk,-0.06799514908692952,0.05148154201723774,-0.006485300423048873,-0.08038805289199931,0.0003065467463335689,0.00015774829722786467,0.0004637586077104769,0.0006359256084078971,0.05158751110480386,0.00039099481491995186,-0.39558511635096966,-0.49315271653152143,-0.8887378328824911
away_ctx_stats_pl,0.06670315150144779,0.03499324197191193,0.07795023727993025,0.01900455476364496,0.000442641438017003,0.00014421726897691044,0.0014732410359501174,0.0004127687996396952,0.04966279637923373,0.0006182171356459316,-0.4320668925643396,-0.468047201783646,-0.9001140943479856
away_ctx_misc_performance_off,-0.04445714444860114,0.025526965902990164,-0.01153537656759254,-0.04616098356890392,0.004247729331997524,0.0030585055367342256,0.0042931316375273134,0.003029938384159046,0.03192011762202194,0.003657326222604527,-0.7683683855840789,-0.13225977667828526,-0.9006281622623642
home_ctx_shooting_standard_g_sh,0.068650775505473,0.0043420285125717615,0.06559729419079388,0.05484728226026982,0.0007172350852638036,0.0006145670816136919,0.001035625637563991,0.0008798625032765357,0.04835934511727712,0.0008118225769295056,-0.456773004390678,-0.4466559746987184,-0.9034289790893963
away_ctx_stats_performance_pkatt,-0.017904458148734825,0.07238416821753817,0.04297825227581549,-0.060617884910988365,0.0003331602211625311,0.0009574575670008023,0.0014819137217069044,0.0002946881116085227,0.048471190888269206,0.0007668049053696902,-0.45465303703471743,-0.4516299218604628,-0.9062829588951802
away_ctx_keepers_performance_d,-0.008327369761682489,0.06803039501202394,0.025507739631992675,-0.056477924085447245,0.0020539215753683114,0.00315962482550064,0.002363740322699201,0.0015560436289754809,0.03958585712278659,0.0022833325881359084,-0.623069038485227,-0.28407064342512256,-0.9071396819103495
away_ctx_keepers_performance_w,-0.06650903874854644,0.04365511223962625,-0.012160143997139725,-0.07636163068462949,0.00037291683248041386,0.0007007934582727722,0.00031442330371957253,0.0005392082783782338,0.04967148141748548,0.0004818354682127481,-0.4319022730403678,-0.48311584447748046,-0.9150181175178482
away_ctx_shooting_standard_g_sot,-0.0381479921239532,-0.057157614919388096,-0.061039327254973186,0.0005086897716495026,0.002359529000199589,0.002318384324777155,0.002726185454501806,0.0011876022944686702,0.039213406017490994,0.002147925268486805,-0.6301286186366655,-0.29903163163068036,-0.9291602502673458
home_ctx_playingtime_starts_compl,0.028684249829462195,-0.06355793917110403,-0.002490303292101474,0.06303519941533965,0.0025826585487400923,0.0015968146569657433,0.001986534285095449,0.002076000894671029,0.039441922927001834,0.002060502096368078,-0.6257972220702076,-0.30869091039308494,-0.9344881324632925
away_ctx_shooting_standard_pkatt,-0.017904458148734825,0.07238416821753817,0.04297825227581549,-0.060617884910988365,0.00034289333153332877,0.0007438101545322952,0.0005326501085195939,0.0003886290764741019,0.048471190888269206,0.00050199566776483,-0.45465303703471743,-0.4808883688247461,-0.9355414058594635
away_ctx_shooting_standard_pk,-0.00773935745060402,0.06887207957749326,0.04877739648528305,-0.04677127661007793,0.0005991230823850913,0.0010322518149640564,0.0023011860350777716,0.0006628410211394786,0.04304002753086456,0.0011488504883915996,-0.5575973765520448,-0.4094181752843679,-0.9670155518364127
home_ctx_misc_performance_crdr,0.024918268239841848,-0.06953367442959739,-0.025794349645738828,0.05574257438289997,0.0007376990870646866,0.0010088264401619644,0.00114714250464593,0.0007805227992276938,0.04399721667451951,0.0009185477077750686,-0.539454448839813,-0.4348640462567788,-0.9743184950965917
home_ctx_stats_performance_crdr,0.024918268239841848,-0.06953367442959739,-0.025794349645738828,0.05574257438289997,0.0009426703379862905,0.000369608935887,0.0007212804619402283,0.0008705286215266562,0.04399721667451951,0.0007260220893350438,-0.539454448839813,-0.45613596504383674,-0.9955904138836498
away_ctx_shooting_standard_g_sh,-0.03585279509474792,-0.06165077183179361,-0.0590575314489551,0.013851174557000846,0.0004037701487560348,0.0016104536265908096,0.0007782604360228785,0.0006207403362509229,0.04260306823312437,0.0008533061369051614,-0.5658796695603174,-0.44207250717917324,-1.0079521767394906
away_ctx_stats_performance_pk,-0.00773935745060402,0.06887207957749326,0.04877739648528305,-0.04677127661007793,0.000554834793577052,0.0005881762085829039,0.0011877688772750066,0.0006655164872651782,0.04304002753086456,0.0007490740916750351,-0.5575973765520448,-0.4535889776578015,-1.0111863542098463
home_ctx_playingtime_subs_unsub,0.029542392677392254,-0.05783761870145601,0.0011633415781481442,0.06027471629490968,0.0019952846728145826,0.0006027615217611342,0.00158608697738118,0.0017226550659323765,0.03720451731297652,0.0014766970594723183,-0.668205860516734,-0.37319481087628537,-1.0414006713930193
home_ctx_playingtime_subs_subs,-0.028445584837492932,0.064312092457426,0.0031153497994162297,-0.061888339687040876,0.0005024184913445358,0.0005314909679890597,0.0016863286847197837,0.0008208846708951469,0.03944034169534401,0.0008852807037371315,-0.6258271933374899,-0.4385396766166115,-1.0643668699541013
away_ctx_misc_performance_pkcon,0.04057174198912764,-0.046633553231123864,-0.002587029829384078,0.0721759038315294,0.0007625568796172604,0.0006661434570249476,0.00044729688590473165,0.0006914654529997597,0.04049205722029124,0.0006418656688866748,-0.6058925765802525,-0.4654343044320823,-1.0713268810123349
home_ctx_keepers_penalty_kicks_save,0.0016028892867864391,-0.06544158859619366,-0.04989053005674886,0.03961827262239346,0.0007537973221748305,0.0001409717508231424,0.0016406240698778809,0.0005042896314055494,0.039138320140530605,0.0007599206935703508,-0.6315518249558472,-0.452390549955025,-1.083942374910872
away_ctx_keepers_penalty_kicks_pkatt,0.04057174198912764,-0.046633553231123864,-0.002587029829384078,0.0721759038315294,0.00040140621772471915,0.00022084462868362132,0.000762415246782196,0.0004560152092885219,0.04049205722029124,0.00046017032561976464,-0.6058925765802525,-0.4855095994358188,-1.0914021760160713
away_ctx_misc_performance_int,0.030804850466031746,-0.023613996155626295,-0.00742388883325626,0.04649242652781012,0.0020394713382514335,0.0022362884511609115,0.0017227039286290817,0.0034441838655414813,0.027083790495681104,0.002360661895895727,-0.8600379725487409,-0.27552662332091654,-1.1355645958696574
home_ctx_keepers_performance_save,0.022534262234037112,-0.04837458582212067,-0.0007041199216407986,0.04135169721065308,0.0021013512935396453,0.0022345329536962904,0.002835194292106228,0.0012419656185338659,0.028241166297112916,0.0021032610394690074,-0.8381006306550752,-0.3039665273606692,-1.1420671580157444
away_ctx_keepers_penalty_kicks_pksv,0.012698820378044142,-0.0714892933785305,-0.03992036260140234,0.031355431488615415,4.304838196903217e-05,0.00025623140283253994,0.0007336442309746871,4.0231563574104906e-05,0.0388659769616481,0.000268288894837591,-0.6367139213295248,-0.506710342720871,-1.1434242640503958
away_ctx_keepers_penalty_kicks_pka,0.03608885261761974,-0.02321014256133817,0.011535567661301475,0.06180388888426219,0.000956861372932953,0.0008406531734970992,0.0008601140965822439,0.0010009216961029124,0.03315961293113039,0.0009146375847788021,-0.7448745192548639,-0.43529607093743133,-1.1801705901922952
home_ctx_keepers_penalty_kicks_pkm,0.039629127816724764,-0.04489706519990845,-0.0035409387265525004,0.0653915019000972,0.0,0.0,0.0,0.0,0.038364658410820734,0.0,-0.646216104141306,-0.5363532527330397,-1.1825693568743456
away_ctx_misc_performance_2crdy,-0.04328963803916167,-0.005199576270142228,-0.05902653709823249,-0.021585974599449432,0.0010484951412207998,0.0006868795100264391,0.0018830840540036919,0.00035134884949448503,0.03227543150174646,0.000992451888686354,-0.7616336309352961,-0.42669846420537694,-1.188332095140673
away_ctx_keepers_penalty_kicks_save,0.0007148036210901988,-0.06546570263078806,-0.043768260763272115,0.018205189264053324,0.0006185605605218548,0.0004834336705465386,0.0012950373984113753,0.00037537380985899695,0.032038489069800925,0.0006931013598346913,-0.7661247280640553,-0.4597733359559076,-1.2258980640199628
away_ctx_keepers_performance_save,-0.025527707166536254,-0.0025131692843829616,-0.02678100700388809,-0.01656910639774964,0.0025555367158032432,0.002979717800583364,0.003697401585781992,0.002852613988839433,0.017847747463139236,0.003021317522752008,-1.0351014510652456,-0.20253159567436174,-1.2376330467396075
away_ctx_misc_performance_fld,-0.007362286297445629,-0.004530637880584372,0.02394557027254667,0.015493847483289877,0.004603411162479331,0.0023770713602050257,0.004277142489791663,0.003308508243069092,0.012833085483466638,0.0036415333138862783,-1.1301512647844811,-0.1340047157382819,-1.2641559805227631
home_ctx_keepers_penalty_kicks_pksv,-0.02900675099993172,-0.04058008179741624,-0.04985763179500754,-0.0034424458510584383,0.000527939007462136,0.0003501251565138044,0.00031538133446115256,0.00036614014897280364,0.030721727610853483,0.00038989641185247414,-0.7910831264352641,-0.49327407773548054,-1.2843572041707447
away_ctx_shooting_standard_sot_2,0.012674535118962816,-0.006807561957789271,0.009354923552487864,0.026244835936780547,0.0020391590768716757,0.0027700415292001962,0.002383956244577987,0.003415050558572705,0.013770464141505123,0.002652051852305641,-1.1123838325643014,-0.2433313054284722,-1.3557151379927737
home_ctx_playingtime_pl,-0.005049958280198159,-0.045636093521362504,-0.037321713561496675,0.014121867191131033,0.0001496644037492233,0.0003511976224724942,0.0006826681279268288,0.0004432544512322972,0.025532408138547093,0.0004066961513452109,-0.8894434648133508,-0.49141789518154916,-1.3808613599949
home_ctx_shooting_pl,-0.005049958280198159,-0.045636093521362504,-0.037321713561496675,0.014121867191131033,0.0005102428100294175,0.00024570629464797035,0.0004574068681123802,0.00031046651980954357,0.025532408138547093,0.00038095562314982795,-0.8894434648133508,-0.49426193448262906,-1.3837053992959798
home_ctx_misc_pl,-0.005049958280198159,-0.045636093521362504,-0.037321713561496675,0.014121867191131033,0.00030022584182117087,0.00034405872661294375,0.000644986414886949,0.0001998567946446544,0.025532408138547093,0.0003722819444914295,-0.8894434648133508,-0.4952202785695173,-1.3846637433828681
home_ctx_stats_pl,-0.005049958280198159,-0.045636093521362504,-0.037321713561496675,0.014121867191131033,0.0003941340425473568,0.0006035723138632155,0.0001557350692904789,0.0002089702136890021,0.025532408138547093,0.00034060290984751326,-0.8894434648133508,-0.498720456144107,-1.3881639209574579
home_ctx_playingtime_starts_mn_start,0.013678517349440655,-0.028941982101186425,0.003534156575478481,0.03501417219737333,0.0005487073284579566,0.00010007512320271534,0.0007304454026659633,0.0005715018640584151,0.020292207055869725,0.00048768242959626256,-0.9887682326200015,-0.48246982090561,-1.4712380535256115
home_ctx_playingtime_subs_mn_sub,-0.008578109348953304,-0.0062026252221693435,-0.008506437179015013,-0.012710381970901153,0.002496396438814137,0.001120964737847961,0.0014074884562496133,0.0001896922657310884,0.008999388430259703,0.0013036354746606999,-1.2028166193468424,-0.39231617252727574,-1.595132791874118
home_ctx_keepers_pl,-0.01849190366039238,-0.0008073295396203675,-0.018900327564745915,-0.0031394510427051455,0.000663328942611543,0.0017931573578515076,0.000980553222535942,0.0007006389372844518,0.010334752951865953,0.001034419615070861,-1.1775056114383418,-0.422061501734812,-1.5995671131731537
away_ctx_keepers_penalty_kicks_pkm,-0.006497822616524419,-0.02306574314917908,-0.019644575045712778,-0.011612282936798333,0.0,0.0,0.0,0.0,0.015205105937053653,0.0,-1.0851910853814455,-0.5363532527330397,-1.6215443381144852
home_ctx_playingtime_playing_time_min_2,0.0,0.0,0.0,0.0,0.0,0.0,0.0,0.0,0.0,0.0,-1.3733944563676885,-0.5363532527330397,-1.9097477091007282
home_ctx_playingtime_playing_time_mn_mp,0.0,0.0,0.0,0.0,0.0,0.0,0.0,0.0,0.0,0.0,-1.3733944563676885,-0.5363532527330397,-1.9097477091007282
home_ctx_playingtime_playing_time_min,0.0,0.0,0.0,0.0,0.0,0.0,0.0,0.0,0.0,0.0,-1.3733944563676885,-0.5363532527330397,-1.9097477091007282
home_ctx_playingtime_playing_time_mp,0.0,0.0,0.0,0.0,0.0,0.0,0.0,0.0,0.0,0.0,-1.3733944563676885,-0.5363532527330397,-1.9097477091007282
home_ctx_misc_90s,0.0,0.0,0.0,0.0,0.0,0.0,0.0,0.0,0.0,0.0,-1.3733944563676885,-0.5363532527330397,-1.9097477091007282
home_ctx_keepers_playing_time_starts,0.0,0.0,0.0,0.0,0.0,0.0,0.0,0.0,0.0,0.0,-1.3733944563676885,-0.5363532527330397,-1.9097477091007282
home_ctx_keepers_playing_time_mp,0.0,0.0,0.0,0.0,0.0,0.0,0.0,0.0,0.0,0.0,-1.3733944563676885,-0.5363532527330397,-1.9097477091007282
home_ctx_keepers_playing_time_90s,0.0,0.0,0.0,0.0,0.0,0.0,0.0,0.0,0.0,0.0,-1.3733944563676885,-0.5363532527330397,-1.9097477091007282
home_ctx_keepers_playing_time_min,0.0,0.0,0.0,0.0,0.0,0.0,0.0,0.0,0.0,0.0,-1.3733944563676885,-0.5363532527330397,-1.9097477091007282
home_ctx_playingtime_playing_time_90s,0.0,0.0,0.0,0.0,0.0,0.0,0.0,0.0,0.0,0.0,-1.3733944563676885,-0.5363532527330397,-1.9097477091007282
home_ctx_playingtime_starts_starts,0.0,0.0,0.0,0.0,0.0,0.0,0.0,0.0,0.0,0.0,-1.3733944563676885,-0.5363532527330397,-1.9097477091007282
home_ctx_shooting_90s,0.0,0.0,0.0,0.0,0.0,0.0,0.0,0.0,0.0,0.0,-1.3733944563676885,-0.5363532527330397,-1.9097477091007282
home_ctx_stats_playing_time_mp,0.0,0.0,0.0,0.0,0.0,0.0,0.0,0.0,0.0,0.0,-1.3733944563676885,-0.5363532527330397,-1.9097477091007282
home_ctx_stats_playing_time_starts,0.0,0.0,0.0,0.0,0.0,0.0,0.0,0.0,0.0,0.0,-1.3733944563676885,-0.5363532527330397,-1.9097477091007282
home_ctx_stats_playing_time_min,0.0,0.0,0.0,0.0,0.0,0.0,0.0,0.0,0.0,0.0,-1.3733944563676885,-0.5363532527330397,-1.9097477091007282
home_ctx_stats_playing_time_90s,0.0,0.0,0.0,0.0,0.0,0.0,0.0,0.0,0.0,0.0,-1.3733944563676885,-0.5363532527330397,-1.9097477091007282
away_ctx_keepers_playing_time_90s,0.0,0.0,0.0,0.0,0.0,0.0,0.0,0.0,0.0,0.0,-1.3733944563676885,-0.5363532527330397,-1.9097477091007282
away_ctx_keepers_playing_time_mp,0.0,0.0,0.0,0.0,0.0,0.0,0.0,0.0,0.0,0.0,-1.3733944563676885,-0.5363532527330397,-1.9097477091007282
away_ctx_keepers_playing_time_starts,0.0,0.0,0.0,0.0,0.0,0.0,0.0,0.0,0.0,0.0,-1.3733944563676885,-0.5363532527330397,-1.9097477091007282
away_ctx_keepers_playing_time_min,0.0,0.0,0.0,0.0,0.0,0.0,0.0,0.0,0.0,0.0,-1.3733944563676885,-0.5363532527330397,-1.9097477091007282
away_ctx_playingtime_starts_starts,0.0,0.0,0.0,0.0,0.0,0.0,0.0,0.0,0.0,0.0,-1.3733944563676885,-0.5363532527330397,-1.9097477091007282
away_ctx_playingtime_playing_time_90s,0.0,0.0,0.0,0.0,0.0,0.0,0.0,0.0,0.0,0.0,-1.3733944563676885,-0.5363532527330397,-1.9097477091007282
away_ctx_misc_90s,0.0,0.0,0.0,0.0,0.0,0.0,0.0,0.0,0.0,0.0,-1.3733944563676885,-0.5363532527330397,-1.9097477091007282
away_ctx_playingtime_playing_time_min,0.0,0.0,0.0,0.0,0.0,0.0,0.0,0.0,0.0,0.0,-1.3733944563676885,-0.5363532527330397,-1.9097477091007282
away_ctx_playingtime_playing_time_min_2,0.0,0.0,0.0,0.0,0.0,0.0,0.0,0.0,0.0,0.0,-1.3733944563676885,-0.5363532527330397,-1.9097477091007282
away_ctx_playingtime_playing_time_mn_mp,0.0,0.0,0.0,0.0,0.0,0.0,0.0,0.0,0.0,0.0,-1.3733944563676885,-0.5363532527330397,-1.9097477091007282
away_ctx_playingtime_playing_time_mp,0.0,0.0,0.0,0.0,0.0,0.0,0.0,0.0,0.0,0.0,-1.3733944563676885,-0.5363532527330397,-1.9097477091007282
away_ctx_shooting_90s,0.0,0.0,0.0,0.0,0.0,0.0,0.0,0.0,0.0,0.0,-1.3733944563676885,-0.5363532527330397,-1.9097477091007282
away_ctx_stats_playing_time_mp,0.0,0.0,0.0,0.0,0.0,0.0,0.0,0.0,0.0,0.0,-1.3733944563676885,-0.5363532527330397,-1.9097477091007282
away_ctx_stats_playing_time_min,0.0,0.0,0.0,0.0,0.0,0.0,0.0,0.0,0.0,0.0,-1.3733944563676885,-0.5363532527330397,-1.9097477091007282
away_ctx_stats_playing_time_90s,0.0,0.0,0.0,0.0,0.0,0.0,0.0,0.0,0.0,0.0,-1.3733944563676885,-0.5363532527330397,-1.9097477091007282
away_ctx_stats_playing_time_starts,0.0,0.0,0.0,0.0,0.0,0.0,0.0,0.0,0.0,0.0,-1.3733944563676885,-0.5363532527330397,-1.9097477091007282
